﻿PERIMETER,X,Y,ELEVATION,<Feature Layer Name>
1.022,"64° 44' 39.6836"" W","32° 17' 56.9399"" N",6.1561,devonshire_bay_east_dof_ML1.shp
0.783,"64° 44' 39.7041"" W","32° 17' 56.8806"" N",6.1574,devonshire_bay_east_dof_ML1.shp
0.795,"64° 44' 39.7348"" W","32° 17' 56.9744"" N",6.0563,devonshire_bay_east_dof_ML1.shp
0.641,"64° 44' 39.7384"" W","32° 17' 56.9592"" N",6.1749,devonshire_bay_east_dof_ML1.shp
0.594,"64° 44' 39.7480"" W","32° 17' 56.9539"" N",6.1448,devonshire_bay_east_dof_ML1.shp
0.4867,"64° 44' 39.7550"" W","32° 17' 56.9474"" N",6.167,devonshire_bay_east_dof_ML1.shp
0.837,"64° 44' 39.8115"" W","32° 17' 57.0166"" N",5.6219,devonshire_bay_east_dof_ML1.shp
0.819,"64° 44' 39.7544"" W","32° 17' 57.0187"" N",5.2869,devonshire_bay_east_dof_ML1.shp
0.659,"64° 44' 39.8502"" W","32° 17' 56.9783"" N",6.1352,devonshire_bay_east_dof_ML1.shp
0.588,"64° 44' 39.8467"" W","32° 17' 56.9877"" N",5.9979,devonshire_bay_east_dof_ML1.shp
0.552,"64° 44' 39.8473"" W","32° 17' 56.9937"" N",5.9677,devonshire_bay_east_dof_ML1.shp
1.479,"64° 44' 39.8082"" W","32° 17' 56.9655"" N",5.7136,devonshire_bay_east_dof_ML1.shp
1.14,"64° 44' 39.7680"" W","32° 17' 56.9542"" N",5.7749,devonshire_bay_east_dof_ML1.shp
0.962,"64° 44' 39.7794"" W","32° 17' 56.9610"" N",5.4499,devonshire_bay_east_dof_ML1.shp
0.694,"64° 44' 39.7874"" W","32° 17' 56.9489"" N",6.0539,devonshire_bay_east_dof_ML1.shp
0.4808,"64° 44' 39.7856"" W","32° 17' 56.9360"" N",6.0219,devonshire_bay_east_dof_ML1.shp
0.926,"64° 44' 39.7918"" W","32° 17' 56.9231"" N",5.8443,devonshire_bay_east_dof_ML1.shp
1.55,"64° 44' 39.8056"" W","32° 17' 56.9216"" N",5.6522,devonshire_bay_east_dof_ML1.shp
0.807,"64° 44' 39.7543"" W","32° 17' 56.9067"" N",6.011,devonshire_bay_east_dof_ML1.shp
0.4906,"64° 44' 39.6631"" W","32° 17' 56.9087"" N",6.0251,devonshire_bay_east_dof_ML1.shp
0.4353,"64° 44' 39.6917"" W","32° 17' 56.9119"" N",6.2112,devonshire_bay_east_dof_ML1.shp
1.417,"64° 44' 39.8141"" W","32° 17' 57.1144"" N",4.9451,devonshire_bay_east_dof_ML1.shp
1.283,"64° 44' 39.8356"" W","32° 17' 57.0919"" N",5.06,devonshire_bay_east_dof_ML1.shp
1.256,"64° 44' 39.8454"" W","32° 17' 57.0801"" N",5.3544,devonshire_bay_east_dof_ML1.shp
1.23,"64° 44' 39.6640"" W","32° 17' 57.1213"" N",5.1478,devonshire_bay_east_dof_ML1.shp
1.818,"64° 44' 39.8979"" W","32° 17' 57.0628"" N",5.1878,devonshire_bay_east_dof_ML1.shp
1.551,"64° 44' 39.8772"" W","32° 17' 57.0653"" N",4.9027,devonshire_bay_east_dof_ML1.shp
1.497,"64° 44' 39.8518"" W","32° 17' 57.0547"" N",5.1646,devonshire_bay_east_dof_ML1.shp
0.908,"64° 44' 39.7932"" W","32° 17' 57.0643"" N",5.0335,devonshire_bay_east_dof_ML1.shp
1.738,"64° 44' 39.8497"" W","32° 17' 57.0230"" N",5.4011,devonshire_bay_east_dof_ML1.shp
1.417,"64° 44' 39.8712"" W","32° 17' 57.0130"" N",6.0401,devonshire_bay_east_dof_ML1.shp
1.631,"64° 44' 40.0597"" W","32° 17' 57.0003"" N",6.1624,devonshire_bay_east_dof_ML1.shp
0.721,"64° 44' 40.0439"" W","32° 17' 56.9942"" N",6.2815,devonshire_bay_east_dof_ML1.shp
0.908,"64° 44' 40.0914"" W","32° 17' 57.0216"" N",6.5952,devonshire_bay_east_dof_ML1.shp
1.123,"64° 44' 39.8672"" W","32° 17' 56.8316"" N",6.4783,devonshire_bay_east_dof_ML1.shp
1.515,"64° 44' 39.8914"" W","32° 17' 56.7817"" N",6.8543,devonshire_bay_east_dof_ML1.shp
0.712,"64° 44' 39.7436"" W","32° 17' 56.8035"" N",6.6659,devonshire_bay_east_dof_ML1.shp
0.877,"64° 44' 39.9888"" W","32° 17' 57.0913"" N",5.9901,devonshire_bay_east_dof_ML1.shp
0.668,"64° 44' 39.9690"" W","32° 17' 57.0530"" N",5.7844,devonshire_bay_east_dof_ML1.shp
0.773,"64° 44' 39.9852"" W","32° 17' 57.0530"" N",5.7619,devonshire_bay_east_dof_ML1.shp
0.631,"64° 44' 39.9894"" W","32° 17' 57.0480"" N",5.9096,devonshire_bay_east_dof_ML1.shp
0.879,"64° 44' 39.9950"" W","32° 17' 57.0439"" N",5.8426,devonshire_bay_east_dof_ML1.shp
0.396,"64° 44' 40.0050"" W","32° 17' 57.0123"" N",5.9206,devonshire_bay_east_dof_ML1.shp
0.941,"64° 44' 40.0179"" W","32° 17' 57.0158"" N",5.8621,devonshire_bay_east_dof_ML1.shp
0.662,"64° 44' 40.0290"" W","32° 17' 57.0056"" N",6.017,devonshire_bay_east_dof_ML1.shp
0.929,"64° 44' 40.0313"" W","32° 17' 57.0116"" N",6.0271,devonshire_bay_east_dof_ML1.shp
0.557,"64° 44' 40.0417"" W","32° 17' 57.0093"" N",6.1948,devonshire_bay_east_dof_ML1.shp
1.078,"64° 44' 40.0502"" W","32° 17' 57.0154"" N",6.108,devonshire_bay_east_dof_ML1.shp
0.501,"64° 44' 40.0866"" W","32° 17' 57.0278"" N",6.6381,devonshire_bay_east_dof_ML1.shp
0.619,"64° 44' 40.0765"" W","32° 17' 57.0489"" N",6.0335,devonshire_bay_east_dof_ML1.shp
0.891,"64° 44' 40.0308"" W","32° 17' 56.9689"" N",6.1476,devonshire_bay_east_dof_ML1.shp
0.585,"64° 44' 40.0037"" W","32° 17' 56.9827"" N",5.8655,devonshire_bay_east_dof_ML1.shp
0.752,"64° 44' 39.9362"" W","32° 17' 57.0427"" N",5.4367,devonshire_bay_east_dof_ML1.shp
0.731,"64° 44' 39.9440"" W","32° 17' 57.0336"" N",5.263,devonshire_bay_east_dof_ML1.shp
0.815,"64° 44' 39.9559"" W","32° 17' 57.0217"" N",5.2498,devonshire_bay_east_dof_ML1.shp
1.15,"64° 44' 39.9628"" W","32° 17' 57.0099"" N",5.3581,devonshire_bay_east_dof_ML1.shp
0.647,"64° 44' 39.9930"" W","32° 17' 56.9935"" N",5.7668,devonshire_bay_east_dof_ML1.shp
0.877,"64° 44' 39.9631"" W","32° 17' 56.9645"" N",5.8156,devonshire_bay_east_dof_ML1.shp
0.71,"64° 44' 39.9462"" W","32° 17' 56.9589"" N",5.7504,devonshire_bay_east_dof_ML1.shp
0.668,"64° 44' 39.9340"" W","32° 17' 56.9745"" N",5.7245,devonshire_bay_east_dof_ML1.shp
0.647,"64° 44' 39.9382"" W","32° 17' 56.9489"" N",5.4141,devonshire_bay_east_dof_ML1.shp
1.171,"64° 44' 39.9284"" W","32° 17' 56.9444"" N",5.3596,devonshire_bay_east_dof_ML1.shp
0.815,"64° 44' 39.9455"" W","32° 17' 56.9365"" N",5.6155,devonshire_bay_east_dof_ML1.shp
0.856,"64° 44' 39.9451"" W","32° 17' 56.9234"" N",5.7536,devonshire_bay_east_dof_ML1.shp
1.338,"64° 44' 39.9669"" W","32° 17' 56.8609"" N",5.8192,devonshire_bay_east_dof_ML1.shp
1.003,"64° 44' 39.9418"" W","32° 17' 56.8623"" N",6.0883,devonshire_bay_east_dof_ML1.shp
1.108,"64° 44' 39.9140"" W","32° 17' 56.8585"" N",6.4887,devonshire_bay_east_dof_ML1.shp
0.752,"64° 44' 39.9115"" W","32° 17' 56.8795"" N",6.4761,devonshire_bay_east_dof_ML1.shp
1.024,"64° 44' 39.8959"" W","32° 17' 56.8245"" N",6.6778,devonshire_bay_east_dof_ML1.shp
1.401,"64° 44' 39.8684"" W","32° 17' 56.9629"" N",6.203,devonshire_bay_east_dof_ML1.shp
1.15,"64° 44' 39.8569"" W","32° 17' 56.9388"" N",5.5979,devonshire_bay_east_dof_ML1.shp
1.463,"64° 44' 39.8834"" W","32° 17' 56.9358"" N",5.4721,devonshire_bay_east_dof_ML1.shp
1.338,"64° 44' 39.9003"" W","32° 17' 56.9466"" N",5.3258,devonshire_bay_east_dof_ML1.shp
0.794,"64° 44' 39.9137"" W","32° 17' 56.9459"" N",5.4594,devonshire_bay_east_dof_ML1.shp
0.91,"64° 44' 39.7471"" W","32° 17' 56.9876"" N",5.4645,devonshire_bay_east_dof_ML1.shp
1.189,"64° 44' 39.7560"" W","32° 17' 56.9839"" N",5.5477,devonshire_bay_east_dof_ML1.shp
1.403,"64° 44' 39.8025"" W","32° 17' 57.0403"" N",5.3641,devonshire_bay_east_dof_ML1.shp
0.733,"64° 44' 39.8142"" W","32° 17' 57.0360"" N",5.3889,devonshire_bay_east_dof_ML1.shp
0.808,"64° 44' 39.8304"" W","32° 17' 57.0355"" N",5.5209,devonshire_bay_east_dof_ML1.shp
0.64,"64° 44' 39.8925"" W","32° 17' 57.0947"" N",5.9643,devonshire_bay_east_dof_ML1.shp
0.4873,"64° 44' 39.9022"" W","32° 17' 57.1013"" N",6.1815,devonshire_bay_east_dof_ML1.shp
0.557,"64° 44' 39.8769"" W","32° 17' 57.0991"" N",5.9849,devonshire_bay_east_dof_ML1.shp
0.515,"64° 44' 39.8680"" W","32° 17' 57.0959"" N",6.0835,devonshire_bay_east_dof_ML1.shp
0.627,"64° 44' 39.8559"" W","32° 17' 57.1010"" N",6.0122,devonshire_bay_east_dof_ML1.shp
0.741,"64° 44' 39.8526"" W","32° 17' 57.0896"" N",5.758,devonshire_bay_east_dof_ML1.shp
0.841,"64° 44' 39.8584"" W","32° 17' 57.0673"" N",5.1995,devonshire_bay_east_dof_ML1.shp
0.566,"64° 44' 39.8589"" W","32° 17' 57.0751"" N",5.2936,devonshire_bay_east_dof_ML1.shp
0.654,"64° 44' 39.8341"" W","32° 17' 57.1145"" N",5.7701,devonshire_bay_east_dof_ML1.shp
0.4734,"64° 44' 39.8386"" W","32° 17' 57.1237"" N",5.7942,devonshire_bay_east_dof_ML1.shp
0.627,"64° 44' 39.5916"" W","32° 17' 56.9923"" N",5.849,devonshire_bay_east_dof_ML1.shp
0.715,"64° 44' 39.8988"" W","32° 17' 57.1198"" N",5.7088,devonshire_bay_east_dof_ML1.shp
1.208,"64° 44' 39.9114"" W","32° 17' 57.1281"" N",5.4028,devonshire_bay_east_dof_ML1.shp
1.087,"64° 44' 39.9157"" W","32° 17' 57.1138"" N",5.7544,devonshire_bay_east_dof_ML1.shp
0.749,"64° 44' 39.8817"" W","32° 17' 57.1559"" N",5.3883,devonshire_bay_east_dof_ML1.shp
0.622,"64° 44' 39.8701"" W","32° 17' 57.1811"" N",5.3001,devonshire_bay_east_dof_ML1.shp
0.821,"64° 44' 39.7101"" W","32° 17' 57.0429"" N",5.3413,devonshire_bay_east_dof_ML1.shp
0.4734,"64° 44' 39.7013"" W","32° 17' 57.0607"" N",5.3895,devonshire_bay_east_dof_ML1.shp
0.64,"64° 44' 39.7390"" W","32° 17' 57.0793"" N",5.3836,devonshire_bay_east_dof_ML1.shp
0.571,"64° 44' 39.7163"" W","32° 17' 57.0823"" N",5.5656,devonshire_bay_east_dof_ML1.shp
0.808,"64° 44' 39.5664"" W","32° 17' 57.0419"" N",5.4006,devonshire_bay_east_dof_ML1.shp
0.877,"64° 44' 39.5838"" W","32° 17' 57.0395"" N",5.5189,devonshire_bay_east_dof_ML1.shp
0.613,"64° 44' 39.5974"" W","32° 17' 57.0396"" N",5.4889,devonshire_bay_east_dof_ML1.shp
0.4038,"64° 44' 39.5922"" W","32° 17' 57.0482"" N",5.5553,devonshire_bay_east_dof_ML1.shp
0.501,"64° 44' 39.5963"" W","32° 17' 57.0161"" N",5.4771,devonshire_bay_east_dof_ML1.shp
0.529,"64° 44' 39.7203"" W","32° 17' 57.0380"" N",5.3193,devonshire_bay_east_dof_ML1.shp
0.511,"64° 44' 39.7356"" W","32° 17' 57.0405"" N",5.3372,devonshire_bay_east_dof_ML1.shp
0.538,"64° 44' 39.7131"" W","32° 17' 56.9978"" N",5.94,devonshire_bay_east_dof_ML1.shp
0.941,"64° 44' 39.6865"" W","32° 17' 56.9888"" N",5.9313,devonshire_bay_east_dof_ML1.shp
0.3899,"64° 44' 39.6752"" W","32° 17' 56.9853"" N",5.9079,devonshire_bay_east_dof_ML1.shp
0.4873,"64° 44' 39.6834"" W","32° 17' 56.8553"" N",5.9761,devonshire_bay_east_dof_ML1.shp
0.64,"64° 44' 39.8080"" W","32° 17' 56.8128"" N",6.8172,devonshire_bay_east_dof_ML1.shp
0.362,"64° 44' 39.8279"" W","32° 17' 56.8330"" N",6.7326,devonshire_bay_east_dof_ML1.shp
0.64,"64° 44' 39.8446"" W","32° 17' 56.8010"" N",7.0096,devonshire_bay_east_dof_ML1.shp
0.4758,"64° 44' 39.8430"" W","32° 17' 56.7958"" N",7.0191,devonshire_bay_east_dof_ML1.shp
0.427,"64° 44' 39.8345"" W","32° 17' 56.7938"" N",7.0591,devonshire_bay_east_dof_ML1.shp
1.115,"64° 44' 39.8470"" W","32° 17' 56.8148"" N",6.9516,devonshire_bay_east_dof_ML1.shp
1.022,"64° 44' 39.8612"" W","32° 17' 56.8186"" N",6.8632,devonshire_bay_east_dof_ML1.shp
0.696,"64° 44' 39.8410"" W","32° 17' 56.8270"" N",6.6959,devonshire_bay_east_dof_ML1.shp
1.212,"64° 44' 39.8494"" W","32° 17' 56.8458"" N",6.6801,devonshire_bay_east_dof_ML1.shp
1.087,"64° 44' 39.8193"" W","32° 17' 56.7792"" N",6.9307,devonshire_bay_east_dof_ML1.shp
0.61,"64° 44' 39.8193"" W","32° 17' 56.7792"" N",6.9307,devonshire_bay_east_dof_ML1.shp
1.003,"64° 44' 39.8468"" W","32° 17' 56.7674"" N",6.9141,devonshire_bay_east_dof_ML1.shp
1.171,"64° 44' 39.8351"" W","32° 17' 56.7664"" N",6.897,devonshire_bay_east_dof_ML1.shp
0.898,"64° 44' 39.7992"" W","32° 17' 56.7643"" N",7.1056,devonshire_bay_east_dof_ML1.shp
0.564,"64° 44' 39.7645"" W","32° 17' 56.7661"" N",7.1915,devonshire_bay_east_dof_ML1.shp
0.854,"64° 44' 39.8440"" W","32° 17' 56.7366"" N",7.195,devonshire_bay_east_dof_ML1.shp
0.804,"64° 44' 39.8449"" W","32° 17' 56.7434"" N",7.235,devonshire_bay_east_dof_ML1.shp
0.71,"64° 44' 39.7739"" W","32° 17' 56.7447"" N",7.2464,devonshire_bay_east_dof_ML1.shp
0.557,"64° 44' 39.7643"" W","32° 17' 56.7536"" N",7.1349,devonshire_bay_east_dof_ML1.shp
0.3713,"64° 44' 39.7491"" W","32° 17' 56.7732"" N",7.0828,devonshire_bay_east_dof_ML1.shp
0.2599,"64° 44' 39.7558"" W","32° 17' 56.7757"" N",7.1163,devonshire_bay_east_dof_ML1.shp
0.2723,"64° 44' 39.7502"" W","32° 17' 56.7660"" N",7.1305,devonshire_bay_east_dof_ML1.shp
0.3589,"64° 44' 39.6997"" W","32° 17' 56.8261"" N",6.1875,devonshire_bay_east_dof_ML1.shp
0.697,"64° 44' 39.7440"" W","32° 17' 56.9250"" N",6.3192,devonshire_bay_east_dof_ML1.shp
0.3991,"64° 44' 39.7554"" W","32° 17' 56.8474"" N",6.6098,devonshire_bay_east_dof_ML1.shp
0.3063,"64° 44' 39.7541"" W","32° 17' 56.8871"" N",6.6434,devonshire_bay_east_dof_ML1.shp
0.933,"64° 44' 39.7655"" W","32° 17' 57.1635"" N",4.8216,devonshire_bay_east_dof_ML1.shp
0.682,"64° 44' 39.6797"" W","32° 17' 57.0210"" N",5.689,devonshire_bay_east_dof_ML1.shp
0.65,"64° 44' 39.7261"" W","32° 17' 57.0958"" N",5.4223,devonshire_bay_east_dof_ML1.shp
1.022,"64° 44' 39.7297"" W","32° 17' 56.8732"" N",6.1014,devonshire_bay_east_dof_ML1.shp
0.828,"64° 44' 39.6021"" W","32° 17' 57.0715"" N",5.6807,devonshire_bay_east_dof_ML1.shp
0.53,"64° 44' 39.7882"" W","32° 17' 56.7899"" N",6.9623,devonshire_bay_east_dof_ML1.shp
0.791,"64° 44' 39.8056"" W","32° 17' 56.8010"" N",6.8217,devonshire_bay_east_dof_ML1.shp
0.617,"64° 44' 39.6923"" W","32° 17' 56.8509"" N",5.9131,devonshire_bay_east_dof_ML1.shp
0.736,"64° 44' 39.6577"" W","32° 17' 56.9776"" N",5.6913,devonshire_bay_east_dof_ML1.shp
0.801,"64° 44' 39.5199"" W","32° 17' 57.0602"" N",5.4307,devonshire_bay_east_dof_ML1.shp
0.605,"64° 44' 39.4971"" W","32° 17' 57.0554"" N",5.3234,devonshire_bay_east_dof_ML1.shp
0.736,"64° 44' 39.6713"" W","32° 17' 57.0705"" N",5.2196,devonshire_bay_east_dof_ML1.shp
1.265,"64° 44' 39.8112"" W","32° 17' 57.1426"" N",5.0761,devonshire_bay_east_dof_ML1.shp
1.604,"64° 44' 39.8561"" W","32° 17' 57.1254"" N",5.4,devonshire_bay_east_dof_ML1.shp
1.2,"64° 44' 39.8855"" W","32° 17' 57.1430"" N",5.2874,devonshire_bay_east_dof_ML1.shp
1.081,"64° 44' 39.8390"" W","32° 17' 57.1666"" N",5.1691,devonshire_bay_east_dof_ML1.shp
1.586,"64° 44' 39.8850"" W","32° 17' 57.2421"" N",4.516,devonshire_bay_east_dof_ML1.shp
1.307,"64° 44' 39.8713"" W","32° 17' 57.1912"" N",4.9531,devonshire_bay_east_dof_ML1.shp
1.024,"64° 44' 39.7187"" W","32° 17' 57.1521"" N",4.9604,devonshire_bay_east_dof_ML1.shp
1.093,"64° 44' 39.5479"" W","32° 17' 56.9705"" N",5.6975,devonshire_bay_east_dof_ML1.shp
1.093,"64° 44' 39.5284"" W","32° 17' 57.0533"" N",5.3514,devonshire_bay_east_dof_ML1.shp
0.986,"64° 44' 39.5156"" W","32° 17' 57.0226"" N",5.2966,devonshire_bay_east_dof_ML1.shp
