﻿PERIMETER,X,Y,ELEVATION,<Feature Layer Name>
1.479,"64° 44' 41.2612"" W","32° 17' 58.5035"" N",3.7849,devonshire_bay_east_dof_ML1.shp
1.176,"64° 44' 41.2918"" W","32° 17' 58.5070"" N",3.8267,devonshire_bay_east_dof_ML1.shp
0.998,"64° 44' 41.2660"" W","32° 17' 58.4894"" N",3.9007,devonshire_bay_east_dof_ML1.shp
0.677,"64° 44' 41.2505"" W","32° 17' 58.4908"" N",4.0584,devonshire_bay_east_dof_ML1.shp
0.57,"64° 44' 41.2550"" W","32° 17' 58.5284"" N",3.8154,devonshire_bay_east_dof_ML1.shp
1.087,"64° 44' 41.1848"" W","32° 17' 58.5166"" N",3.7624,devonshire_bay_east_dof_ML1.shp
1.283,"64° 44' 41.2550"" W","32° 17' 58.4744"" N",3.8264,devonshire_bay_east_dof_ML1.shp
1.524,"64° 44' 41.3212"" W","32° 17' 58.4795"" N",3.8183,devonshire_bay_east_dof_ML1.shp
0.653,"64° 44' 41.3197"" W","32° 17' 58.4985"" N",4.0041,devonshire_bay_east_dof_ML1.shp
0.57,"64° 44' 41.2655"" W","32° 17' 58.5146"" N",3.8083,devonshire_bay_east_dof_ML1.shp
0.837,"64° 44' 41.3142"" W","32° 17' 58.4501"" N",4.0263,devonshire_bay_east_dof_ML1.shp
1.283,"64° 44' 41.3305"" W","32° 17' 58.4609"" N",3.806,devonshire_bay_east_dof_ML1.shp
0.57,"64° 44' 41.3489"" W","32° 17' 58.4656"" N",3.9503,devonshire_bay_east_dof_ML1.shp
1.871,"64° 44' 41.3626"" W","32° 17' 58.4503"" N",3.9316,devonshire_bay_east_dof_ML1.shp
1.283,"64° 44' 41.3818"" W","32° 17' 58.4538"" N",3.8583,devonshire_bay_east_dof_ML1.shp
1.194,"64° 44' 41.3852"" W","32° 17' 58.4705"" N",3.9069,devonshire_bay_east_dof_ML1.shp
1.39,"64° 44' 41.3999"" W","32° 17' 58.4636"" N",3.9702,devonshire_bay_east_dof_ML1.shp
1.194,"64° 44' 41.4124"" W","32° 17' 58.4441"" N",3.9546,devonshire_bay_east_dof_ML1.shp
0.552,"64° 44' 41.4021"" W","32° 17' 58.4482"" N",3.9696,devonshire_bay_east_dof_ML1.shp
0.641,"64° 44' 41.4291"" W","32° 17' 58.4526"" N",4.0439,devonshire_bay_east_dof_ML1.shp
1.283,"64° 44' 41.4126"" W","32° 17' 58.4765"" N",3.9012,devonshire_bay_east_dof_ML1.shp
0.872,"64° 44' 41.3777"" W","32° 17' 58.5009"" N",3.8911,devonshire_bay_east_dof_ML1.shp
1.723,"64° 44' 41.4424"" W","32° 17' 58.4879"" N",3.7695,devonshire_bay_east_dof_ML1.shp
1.01,"64° 44' 41.4600"" W","32° 17' 58.4906"" N",3.7774,devonshire_bay_east_dof_ML1.shp
1.366,"64° 44' 41.4942"" W","32° 17' 58.4879"" N",3.7763,devonshire_bay_east_dof_ML1.shp
0.914,"64° 44' 41.5113"" W","32° 17' 58.4914"" N",3.8219,devonshire_bay_east_dof_ML1.shp
0.843,"64° 44' 41.5114"" W","32° 17' 58.4812"" N",3.8534,devonshire_bay_east_dof_ML1.shp
0.753,"64° 44' 41.5165"" W","32° 17' 58.4745"" N",3.8782,devonshire_bay_east_dof_ML1.shp
0.617,"64° 44' 41.4746"" W","32° 17' 58.5160"" N",3.7751,devonshire_bay_east_dof_ML1.shp
0.4392,"64° 44' 41.4385"" W","32° 17' 58.5234"" N",3.8491,devonshire_bay_east_dof_ML1.shp
0.878,"64° 44' 41.3790"" W","32° 17' 58.5171"" N",3.8388,devonshire_bay_east_dof_ML1.shp
0.914,"64° 44' 41.3454"" W","32° 17' 58.5156"" N",3.7882,devonshire_bay_east_dof_ML1.shp
1.069,"64° 44' 41.3989"" W","32° 17' 58.5055"" N",3.587,devonshire_bay_east_dof_ML1.shp
0.867,"64° 44' 41.4095"" W","32° 17' 58.5216"" N",3.5359,devonshire_bay_east_dof_ML1.shp
1.224,"64° 44' 41.4332"" W","32° 17' 58.5450"" N",3.5132,devonshire_bay_east_dof_ML1.shp
1.152,"64° 44' 41.4521"" W","32° 17' 58.5499"" N",3.6305,devonshire_bay_east_dof_ML1.shp
0.703,"64° 44' 41.4715"" W","32° 17' 58.5419"" N",3.6462,devonshire_bay_east_dof_ML1.shp
1.224,"64° 44' 41.1643"" W","32° 17' 58.5376"" N",3.7181,devonshire_bay_east_dof_ML1.shp
1.14,"64° 44' 41.1556"" W","32° 17' 58.5545"" N",3.6526,devonshire_bay_east_dof_ML1.shp
0.712,"64° 44' 41.1679"" W","32° 17' 58.5522"" N",3.6699,devonshire_bay_east_dof_ML1.shp
1.117,"64° 44' 41.1673"" W","32° 17' 58.5640"" N",3.5949,devonshire_bay_east_dof_ML1.shp
1.105,"64° 44' 41.1382"" W","32° 17' 58.5977"" N",3.5732,devonshire_bay_east_dof_ML1.shp
0.98,"64° 44' 41.1590"" W","32° 17' 58.5905"" N",3.5899,devonshire_bay_east_dof_ML1.shp
1.889,"64° 44' 41.1790"" W","32° 17' 58.5960"" N",3.4718,devonshire_bay_east_dof_ML1.shp
1.14,"64° 44' 41.2084"" W","32° 17' 58.5836"" N",3.5668,devonshire_bay_east_dof_ML1.shp
1.176,"64° 44' 41.1061"" W","32° 17' 58.6198"" N",3.5585,devonshire_bay_east_dof_ML1.shp
1.051,"64° 44' 41.0244"" W","32° 17' 58.6218"" N",3.6157,devonshire_bay_east_dof_ML1.shp
0.867,"64° 44' 40.9833"" W","32° 17' 58.5230"" N",3.7169,devonshire_bay_east_dof_ML1.shp
1.212,"64° 44' 41.0092"" W","32° 17' 58.5441"" N",3.6569,devonshire_bay_east_dof_ML1.shp
0.783,"64° 44' 40.9975"" W","32° 17' 58.5616"" N",3.723,devonshire_bay_east_dof_ML1.shp
0.926,"64° 44' 41.1691"" W","32° 17' 58.5062"" N",3.8718,devonshire_bay_east_dof_ML1.shp
0.807,"64° 44' 41.1660"" W","32° 17' 58.4855"" N",3.9101,devonshire_bay_east_dof_ML1.shp
0.688,"64° 44' 41.1394"" W","32° 17' 58.4756"" N",3.9409,devonshire_bay_east_dof_ML1.shp
0.688,"64° 44' 41.1870"" W","32° 17' 58.4757"" N",4.0404,devonshire_bay_east_dof_ML1.shp
0.617,"64° 44' 41.1325"" W","32° 17' 58.4570"" N",3.9946,devonshire_bay_east_dof_ML1.shp
0.926,"64° 44' 41.0919"" W","32° 17' 58.4427"" N",3.8727,devonshire_bay_east_dof_ML1.shp
0.629,"64° 44' 41.1205"" W","32° 17' 58.4259"" N",3.9358,devonshire_bay_east_dof_ML1.shp
0.4783,"64° 44' 41.1259"" W","32° 17' 58.4233"" N",3.9284,devonshire_bay_east_dof_ML1.shp
0.562,"64° 44' 41.1239"" W","32° 17' 58.3299"" N",4.4185,devonshire_bay_east_dof_ML1.shp
0.4827,"64° 44' 41.1277"" W","32° 17' 58.3243"" N",4.404,devonshire_bay_east_dof_ML1.shp
0.3086,"64° 44' 41.1435"" W","32° 17' 58.3266"" N",4.5101,devonshire_bay_east_dof_ML1.shp
0.4511,"64° 44' 41.1311"" W","32° 17' 58.3294"" N",4.3252,devonshire_bay_east_dof_ML1.shp
0.4392,"64° 44' 41.1153"" W","32° 17' 58.2989"" N",4.4165,devonshire_bay_east_dof_ML1.shp
0.3917,"64° 44' 41.1330"" W","32° 17' 58.2892"" N",4.4804,devonshire_bay_east_dof_ML1.shp
0.4906,"64° 44' 41.3509"" W","32° 17' 58.3694"" N",4.512,devonshire_bay_east_dof_ML1.shp
0.3245,"64° 44' 41.3588"" W","32° 17' 58.3724"" N",4.5735,devonshire_bay_east_dof_ML1.shp
0.4194,"64° 44' 41.3744"" W","32° 17' 58.3723"" N",4.4247,devonshire_bay_east_dof_ML1.shp
0.562,"64° 44' 41.3860"" W","32° 17' 58.3817"" N",4.3801,devonshire_bay_east_dof_ML1.shp
0.514,"64° 44' 41.4054"" W","32° 17' 58.3992"" N",4.2448,devonshire_bay_east_dof_ML1.shp
0.506,"64° 44' 41.3877"" W","32° 17' 58.4128"" N",4.1476,devonshire_bay_east_dof_ML1.shp
0.958,"64° 44' 41.4477"" W","32° 17' 58.4036"" N",4.1166,devonshire_bay_east_dof_ML1.shp
1.133,"64° 44' 41.4355"" W","32° 17' 58.4049"" N",4.1062,devonshire_bay_east_dof_ML1.shp
0.878,"64° 44' 41.4297"" W","32° 17' 58.3933"" N",4.1139,devonshire_bay_east_dof_ML1.shp
0.4986,"64° 44' 41.6871"" W","32° 17' 58.3935"" N",4.5801,devonshire_bay_east_dof_ML1.shp
0.72,"64° 44' 41.6923"" W","32° 17' 58.3993"" N",4.524,devonshire_bay_east_dof_ML1.shp
0.4986,"64° 44' 41.6845"" W","32° 17' 58.3860"" N",4.6527,devonshire_bay_east_dof_ML1.shp
0.605,"64° 44' 41.6929"" W","32° 17' 58.4266"" N",4.3393,devonshire_bay_east_dof_ML1.shp
0.623,"64° 44' 41.7352"" W","32° 17' 58.3326"" N",4.5655,devonshire_bay_east_dof_ML1.shp
0.3205,"64° 44' 41.7300"" W","32° 17' 58.3769"" N",4.485,devonshire_bay_east_dof_ML1.shp
0.768,"64° 44' 41.2326"" W","32° 17' 58.3513"" N",4.3924,devonshire_bay_east_dof_ML1.shp
0.649,"64° 44' 41.3522"" W","32° 17' 58.2445"" N",4.6879,devonshire_bay_east_dof_ML1.shp
0.4906,"64° 44' 41.3327"" W","32° 17' 58.2574"" N",4.6774,devonshire_bay_east_dof_ML1.shp
0.601,"64° 44' 41.3555"" W","32° 17' 58.2649"" N",4.674,devonshire_bay_east_dof_ML1.shp
0.628,"64° 44' 41.1268"" W","32° 17' 58.1771"" N",4.5399,devonshire_bay_east_dof_ML1.shp
0.766,"64° 44' 41.1460"" W","32° 17' 58.1482"" N",4.5595,devonshire_bay_east_dof_ML1.shp
0.748,"64° 44' 41.1572"" W","32° 17' 58.1565"" N",4.5319,devonshire_bay_east_dof_ML1.shp
0.4986,"64° 44' 41.1481"" W","32° 17' 58.1648"" N",4.6244,devonshire_bay_east_dof_ML1.shp
0.748,"64° 44' 41.1651"" W","32° 17' 58.1684"" N",4.6201,devonshire_bay_east_dof_ML1.shp
0.57,"64° 44' 41.0487"" W","32° 17' 58.1608"" N",4.5961,devonshire_bay_east_dof_ML1.shp
0.588,"64° 44' 41.0631"" W","32° 17' 58.2303"" N",4.2697,devonshire_bay_east_dof_ML1.shp
0.748,"64° 44' 41.0327"" W","32° 17' 58.2458"" N",4.2391,devonshire_bay_east_dof_ML1.shp
0.605,"64° 44' 41.0257"" W","32° 17' 58.2566"" N",4.3064,devonshire_bay_east_dof_ML1.shp
0.4986,"64° 44' 41.0737"" W","32° 17' 58.2456"" N",4.1716,devonshire_bay_east_dof_ML1.shp
0.72,"64° 44' 41.1348"" W","32° 17' 58.3464"" N",4.1967,devonshire_bay_east_dof_ML1.shp
0.534,"64° 44' 41.1243"" W","32° 17' 58.3670"" N",4.2748,devonshire_bay_east_dof_ML1.shp
0.588,"64° 44' 41.1214"" W","32° 17' 58.3814"" N",4.0035,devonshire_bay_east_dof_ML1.shp
0.552,"64° 44' 41.1146"" W","32° 17' 58.3856"" N",4.0518,devonshire_bay_east_dof_ML1.shp
0.641,"64° 44' 41.1391"" W","32° 17' 58.3953"" N",4.259,devonshire_bay_east_dof_ML1.shp
0.4986,"64° 44' 41.1615"" W","32° 17' 58.3959"" N",4.0979,devonshire_bay_east_dof_ML1.shp
0.559,"64° 44' 41.1996"" W","32° 17' 58.3417"" N",4.3943,devonshire_bay_east_dof_ML1.shp
0.3007,"64° 44' 41.2056"" W","32° 17' 58.3454"" N",4.388,devonshire_bay_east_dof_ML1.shp
0.538,"64° 44' 41.3010"" W","32° 17' 58.3646"" N",4.3913,devonshire_bay_east_dof_ML1.shp
0.4801,"64° 44' 41.3110"" W","32° 17' 58.3679"" N",4.5871,devonshire_bay_east_dof_ML1.shp
0.688,"64° 44' 41.2154"" W","32° 17' 58.4256"" N",4.0668,devonshire_bay_east_dof_ML1.shp
0.675,"64° 44' 41.1696"" W","32° 17' 58.4308"" N",3.9256,devonshire_bay_east_dof_ML1.shp
0.607,"64° 44' 41.1632"" W","32° 17' 58.4362"" N",3.9624,devonshire_bay_east_dof_ML1.shp
0.802,"64° 44' 41.2015"" W","32° 17' 58.4427"" N",3.9521,devonshire_bay_east_dof_ML1.shp
0.682,"64° 44' 41.7171"" W","32° 17' 58.2812"" N",5.1342,devonshire_bay_east_dof_ML1.shp
0.944,"64° 44' 41.5089"" W","32° 17' 58.4420"" N",4.0519,devonshire_bay_east_dof_ML1.shp
0.872,"64° 44' 41.5454"" W","32° 17' 58.4639"" N",4.1221,devonshire_bay_east_dof_ML1.shp
0.641,"64° 44' 41.5360"" W","32° 17' 58.4649"" N",4.0469,devonshire_bay_east_dof_ML1.shp
0.837,"64° 44' 41.5531"" W","32° 17' 58.4205"" N",4.1935,devonshire_bay_east_dof_ML1.shp
1.14,"64° 44' 41.5781"" W","32° 17' 58.3895"" N",4.1394,devonshire_bay_east_dof_ML1.shp
0.89,"64° 44' 41.5408"" W","32° 17' 58.3704"" N",4.2949,devonshire_bay_east_dof_ML1.shp
0.694,"64° 44' 41.5288"" W","32° 17' 58.3747"" N",4.3816,devonshire_bay_east_dof_ML1.shp
0.3739,"64° 44' 41.5589"" W","32° 17' 58.3609"" N",4.5351,devonshire_bay_east_dof_ML1.shp
0.4986,"64° 44' 41.5523"" W","32° 17' 58.3644"" N",4.5287,devonshire_bay_east_dof_ML1.shp
0.57,"64° 44' 41.4391"" W","32° 17' 58.3276"" N",4.5797,devonshire_bay_east_dof_ML1.shp
0.855,"64° 44' 41.4394"" W","32° 17' 58.3149"" N",4.539,devonshire_bay_east_dof_ML1.shp
1.087,"64° 44' 41.3799"" W","32° 17' 58.2816"" N",4.4736,devonshire_bay_east_dof_ML1.shp
0.557,"64° 44' 41.7007"" W","32° 17' 58.2875"" N",5.1177,devonshire_bay_east_dof_ML1.shp
0.543,"64° 44' 41.6939"" W","32° 17' 58.2890"" N",5.0321,devonshire_bay_east_dof_ML1.shp
0.4432,"64° 44' 41.0221"" W","32° 17' 58.2692"" N",4.603,devonshire_bay_east_dof_ML1.shp
0.4873,"64° 44' 41.6607"" W","32° 17' 58.2780"" N",5.2489,devonshire_bay_east_dof_ML1.shp
1.47,"64° 44' 40.9914"" W","32° 17' 58.3912"" N",3.8438,devonshire_bay_east_dof_ML1.shp
1.016,"64° 44' 40.9687"" W","32° 17' 58.3755"" N",3.9233,devonshire_bay_east_dof_ML1.shp
0.33,"64° 44' 41.6575"" W","32° 17' 58.2825"" N",5.2402,devonshire_bay_east_dof_ML1.shp
0.2585,"64° 44' 41.6597"" W","32° 17' 58.2838"" N",5.2342,devonshire_bay_east_dof_ML1.shp
0.6,"64° 44' 41.6971"" W","32° 17' 58.2681"" N",5.1703,devonshire_bay_east_dof_ML1.shp
0.3342,"64° 44' 41.7115"" W","32° 17' 58.3736"" N",4.6395,devonshire_bay_east_dof_ML1.shp
0.4177,"64° 44' 41.6813"" W","32° 17' 58.3772"" N",4.6759,devonshire_bay_east_dof_ML1.shp
0.501,"64° 44' 41.7227"" W","32° 17' 58.3816"" N",4.5706,devonshire_bay_east_dof_ML1.shp
0.4038,"64° 44' 41.7245"" W","32° 17' 58.3494"" N",4.6006,devonshire_bay_east_dof_ML1.shp
0.599,"64° 44' 41.7082"" W","32° 17' 58.3610"" N",4.6824,devonshire_bay_east_dof_ML1.shp
0.64,"64° 44' 41.6981"" W","32° 17' 58.3549"" N",4.6351,devonshire_bay_east_dof_ML1.shp
0.557,"64° 44' 41.7061"" W","32° 17' 58.3498"" N",4.6388,devonshire_bay_east_dof_ML1.shp
0.3202,"64° 44' 41.7395"" W","32° 17' 58.3194"" N",4.7085,devonshire_bay_east_dof_ML1.shp
0.681,"64° 44' 41.7394"" W","32° 17' 58.3249"" N",4.563,devonshire_bay_east_dof_ML1.shp
0.733,"64° 44' 41.6932"" W","32° 17' 58.3398"" N",4.6199,devonshire_bay_east_dof_ML1.shp
1.198,"64° 44' 41.6982"" W","32° 17' 58.3286"" N",4.659,devonshire_bay_east_dof_ML1.shp
0.4595,"64° 44' 41.6680"" W","32° 17' 58.3718"" N",4.701,devonshire_bay_east_dof_ML1.shp
0.4873,"64° 44' 41.6635"" W","32° 17' 58.3969"" N",4.7118,devonshire_bay_east_dof_ML1.shp
0.418,"64° 44' 41.6858"" W","32° 17' 58.3997"" N",4.5728,devonshire_bay_east_dof_ML1.shp
0.3259,"64° 44' 41.6447"" W","32° 17' 58.3745"" N",4.711,devonshire_bay_east_dof_ML1.shp
0.3424,"64° 44' 41.6440"" W","32° 17' 58.3608"" N",4.7426,devonshire_bay_east_dof_ML1.shp
0.606,"64° 44' 41.6606"" W","32° 17' 58.3598"" N",4.6537,devonshire_bay_east_dof_ML1.shp
0.699,"64° 44' 41.5904"" W","32° 17' 58.4036"" N",4.3239,devonshire_bay_east_dof_ML1.shp
0.556,"64° 44' 41.6073"" W","32° 17' 58.4018"" N",4.2346,devonshire_bay_east_dof_ML1.shp
0.523,"64° 44' 41.6110"" W","32° 17' 58.4013"" N",4.2467,devonshire_bay_east_dof_ML1.shp
0.653,"64° 44' 40.9548"" W","32° 17' 58.3236"" N",4.2103,devonshire_bay_east_dof_ML1.shp
0.3324,"64° 44' 40.9608"" W","32° 17' 58.3207"" N",4.3562,devonshire_bay_east_dof_ML1.shp
0.546,"64° 44' 40.9634"" W","32° 17' 58.2894"" N",4.4034,devonshire_bay_east_dof_ML1.shp
0.538,"64° 44' 41.0662"" W","32° 17' 58.2920"" N",4.3522,devonshire_bay_east_dof_ML1.shp
0.4986,"64° 44' 41.0751"" W","32° 17' 58.3773"" N",4.0617,devonshire_bay_east_dof_ML1.shp
0.543,"64° 44' 41.0472"" W","32° 17' 58.3826"" N",4.0235,devonshire_bay_east_dof_ML1.shp
0.4643,"64° 44' 40.9920"" W","32° 17' 58.3735"" N",4.0802,devonshire_bay_east_dof_ML1.shp
0.674,"64° 44' 41.6164"" W","32° 17' 58.4049"" N",4.1874,devonshire_bay_east_dof_ML1.shp
0.705,"64° 44' 41.5628"" W","32° 17' 58.4138"" N",4.2072,devonshire_bay_east_dof_ML1.shp
0.89,"64° 44' 41.5289"" W","32° 17' 58.5377"" N",3.6263,devonshire_bay_east_dof_ML1.shp
0.641,"64° 44' 41.4667"" W","32° 17' 58.4583"" N",3.9418,devonshire_bay_east_dof_ML1.shp
0.534,"64° 44' 41.4509"" W","32° 17' 58.4292"" N",4.3707,devonshire_bay_east_dof_ML1.shp
0.546,"64° 44' 41.4690"" W","32° 17' 58.4144"" N",4.2622,devonshire_bay_east_dof_ML1.shp
0.7,"64° 44' 41.2801"" W","32° 17' 58.3745"" N",4.3766,devonshire_bay_east_dof_ML1.shp
0.562,"64° 44' 41.3317"" W","32° 17' 58.3359"" N",4.4655,devonshire_bay_east_dof_ML1.shp
0.712,"64° 44' 41.0223"" W","32° 17' 58.5155"" N",3.8628,devonshire_bay_east_dof_ML1.shp
0.819,"64° 44' 40.9811"" W","32° 17' 58.5127"" N",3.7443,devonshire_bay_east_dof_ML1.shp
0.563,"64° 44' 41.5597"" W","32° 17' 58.4261"" N",4.1644,devonshire_bay_east_dof_ML1.shp
0.91,"64° 44' 41.5474"" W","32° 17' 58.4040"" N",4.1465,devonshire_bay_east_dof_ML1.shp
0.501,"64° 44' 41.5159"" W","32° 17' 58.4259"" N",4.0444,devonshire_bay_east_dof_ML1.shp
0.613,"64° 44' 41.5716"" W","32° 17' 58.4295"" N",4.1381,devonshire_bay_east_dof_ML1.shp
0.792,"64° 44' 41.5775"" W","32° 17' 58.4220"" N",4.1423,devonshire_bay_east_dof_ML1.shp
0.623,"64° 44' 41.0202"" W","32° 17' 58.4279"" N",3.8045,devonshire_bay_east_dof_ML1.shp
0.837,"64° 44' 40.9707"" W","32° 17' 58.4504"" N",3.7698,devonshire_bay_east_dof_ML1.shp
0.77,"64° 44' 40.9926"" W","32° 17' 58.4584"" N",3.7956,devonshire_bay_east_dof_ML1.shp
0.501,"64° 44' 41.5837"" W","32° 17' 58.4321"" N",4.2069,devonshire_bay_east_dof_ML1.shp
0.594,"64° 44' 41.0621"" W","32° 17' 58.4668"" N",3.9384,devonshire_bay_east_dof_ML1.shp
0.57,"64° 44' 41.0659"" W","32° 17' 58.4768"" N",3.9634,devonshire_bay_east_dof_ML1.shp
0.514,"64° 44' 41.0546"" W","32° 17' 58.4941"" N",3.9796,devonshire_bay_east_dof_ML1.shp
0.696,"64° 44' 40.9593"" W","32° 17' 58.4135"" N",3.8742,devonshire_bay_east_dof_ML1.shp
0.554,"64° 44' 40.9406"" W","32° 17' 58.3835"" N",3.8931,devonshire_bay_east_dof_ML1.shp
0.619,"64° 44' 41.5532"" W","32° 17' 58.4567"" N",4.2056,devonshire_bay_east_dof_ML1.shp
0.2434,"64° 44' 41.5628"" W","32° 17' 58.4582"" N",4.2001,devonshire_bay_east_dof_ML1.shp
0.1856,"64° 44' 41.5647"" W","32° 17' 58.4575"" N",4.1684,devonshire_bay_east_dof_ML1.shp
0.52,"64° 44' 41.5276"" W","32° 17' 58.4305"" N",4.2329,devonshire_bay_east_dof_ML1.shp
0.2145,"64° 44' 41.5260"" W","32° 17' 58.4419"" N",4.256,devonshire_bay_east_dof_ML1.shp
0.2764,"64° 44' 41.4823"" W","32° 17' 58.4434"" N",4.2482,devonshire_bay_east_dof_ML1.shp
0.363,"64° 44' 41.4879"" W","32° 17' 58.4411"" N",4.2003,devonshire_bay_east_dof_ML1.shp
0.4867,"64° 44' 41.6183"" W","32° 17' 58.3920"" N",4.3799,devonshire_bay_east_dof_ML1.shp
0.748,"64° 44' 41.6221"" W","32° 17' 58.3802"" N",4.4428,devonshire_bay_east_dof_ML1.shp
0.4111,"64° 44' 41.6271"" W","32° 17' 58.3833"" N",4.498,devonshire_bay_east_dof_ML1.shp
0.696,"64° 44' 41.6530"" W","32° 17' 58.3672"" N",4.5445,devonshire_bay_east_dof_ML1.shp
0.546,"64° 44' 41.6462"" W","32° 17' 58.3672"" N",4.5709,devonshire_bay_east_dof_ML1.shp
0.588,"64° 44' 41.6813"" W","32° 17' 58.3384"" N",4.6897,devonshire_bay_east_dof_ML1.shp
0.807,"64° 44' 41.5965"" W","32° 17' 58.3228"" N",4.4811,devonshire_bay_east_dof_ML1.shp
0.53,"64° 44' 41.6040"" W","32° 17' 58.3224"" N",4.4652,devonshire_bay_east_dof_ML1.shp
0.617,"64° 44' 41.6282"" W","32° 17' 58.3109"" N",4.918,devonshire_bay_east_dof_ML1.shp
0.783,"64° 44' 41.5973"" W","32° 17' 58.3032"" N",4.6745,devonshire_bay_east_dof_ML1.shp
0.594,"64° 44' 41.5889"" W","32° 17' 58.2958"" N",4.6079,devonshire_bay_east_dof_ML1.shp
0.736,"64° 44' 41.7026"" W","32° 17' 58.2980"" N",4.9842,devonshire_bay_east_dof_ML1.shp
0.601,"64° 44' 41.7143"" W","32° 17' 58.2960"" N",5.0036,devonshire_bay_east_dof_ML1.shp
0.3672,"64° 44' 41.4926"" W","32° 17' 58.4392"" N",4.1607,devonshire_bay_east_dof_ML1.shp
0.546,"64° 44' 41.0897"" W","32° 17' 58.5620"" N",3.7043,devonshire_bay_east_dof_ML1.shp
0.613,"64° 44' 41.4456"" W","32° 17' 58.4753"" N",4.0051,devonshire_bay_east_dof_ML1.shp
0.3527,"64° 44' 41.4818"" W","32° 17' 58.4756"" N",3.9567,devonshire_bay_east_dof_ML1.shp
0.591,"64° 44' 41.4087"" W","32° 17' 58.5603"" N",3.6651,devonshire_bay_east_dof_ML1.shp
0.559,"64° 44' 41.5872"" W","32° 17' 58.4281"" N",4.208,devonshire_bay_east_dof_ML1.shp
0.506,"64° 44' 41.1935"" W","32° 17' 58.3586"" N",4.4108,devonshire_bay_east_dof_ML1.shp
0.3799,"64° 44' 41.2220"" W","32° 17' 58.3610"" N",4.4529,devonshire_bay_east_dof_ML1.shp
0.4194,"64° 44' 41.1821"" W","32° 17' 58.3731"" N",4.2744,devonshire_bay_east_dof_ML1.shp
0.514,"64° 44' 41.6088"" W","32° 17' 58.5254"" N",3.861,devonshire_bay_east_dof_ML1.shp
0.4765,"64° 44' 41.5695"" W","32° 17' 58.4728"" N",4.0565,devonshire_bay_east_dof_ML1.shp
1.283,"64° 44' 41.4577"" W","32° 17' 58.3036"" N",4.4922,devonshire_bay_east_dof_ML1.shp
0.982,"64° 44' 41.1944"" W","32° 17' 58.1854"" N",4.54,devonshire_bay_east_dof_ML1.shp
1.557,"64° 44' 41.0829"" W","32° 17' 58.1622"" N",4.3524,devonshire_bay_east_dof_ML1.shp
0.831,"64° 44' 40.8854"" W","32° 17' 58.2949"" N",4.218,devonshire_bay_east_dof_ML1.shp
0.681,"64° 44' 40.8765"" W","32° 17' 58.2699"" N",4.2156,devonshire_bay_east_dof_ML1.shp
0.606,"64° 44' 41.6036"" W","32° 17' 58.4703"" N",4.286,devonshire_bay_east_dof_ML1.shp
0.52,"64° 44' 41.6646"" W","32° 17' 58.4349"" N",4.2323,devonshire_bay_east_dof_ML1.shp
0.4455,"64° 44' 41.6711"" W","32° 17' 58.4336"" N",4.3276,devonshire_bay_east_dof_ML1.shp
0.4734,"64° 44' 41.6809"" W","32° 17' 58.4533"" N",4.3962,devonshire_bay_east_dof_ML1.shp
0.929,"64° 44' 41.6580"" W","32° 17' 58.4465"" N",4.2383,devonshire_bay_east_dof_ML1.shp
0.788,"64° 44' 41.6539"" W","32° 17' 58.4507"" N",4.2726,devonshire_bay_east_dof_ML1.shp
0.3094,"64° 44' 41.6395"" W","32° 17' 58.4488"" N",4.3042,devonshire_bay_east_dof_ML1.shp
0.2413,"64° 44' 41.6309"" W","32° 17' 58.4592"" N",4.3461,devonshire_bay_east_dof_ML1.shp
0.2723,"64° 44' 41.6346"" W","32° 17' 58.4585"" N",4.34,devonshire_bay_east_dof_ML1.shp
1.045,"64° 44' 41.7029"" W","32° 17' 58.4622"" N",4.411,devonshire_bay_east_dof_ML1.shp
1.031,"64° 44' 41.7225"" W","32° 17' 58.4440"" N",4.4003,devonshire_bay_east_dof_ML1.shp
0.585,"64° 44' 41.0678"" W","32° 17' 58.1800"" N",4.24,devonshire_bay_east_dof_ML1.shp
0.4022,"64° 44' 41.5611"" W","32° 17' 58.4453"" N",4.2648,devonshire_bay_east_dof_ML1.shp
0.3991,"64° 44' 41.5534"" W","32° 17' 58.4783"" N",3.9286,devonshire_bay_east_dof_ML1.shp
0.4827,"64° 44' 41.4126"" W","32° 17' 58.5510"" N",3.7201,devonshire_bay_east_dof_ML1.shp
1.645,"64° 44' 41.3969"" W","32° 17' 58.5422"" N",3.697,devonshire_bay_east_dof_ML1.shp
0.687,"64° 44' 41.4229"" W","32° 17' 58.5330"" N",3.5491,devonshire_bay_east_dof_ML1.shp
0.65,"64° 44' 41.4158"" W","32° 17' 58.5331"" N",3.5811,devonshire_bay_east_dof_ML1.shp
1.463,"64° 44' 41.3087"" W","32° 17' 58.5257"" N",3.5828,devonshire_bay_east_dof_ML1.shp
1.565,"64° 44' 41.3243"" W","32° 17' 58.5362"" N",3.567,devonshire_bay_east_dof_ML1.shp
1.617,"64° 44' 41.2928"" W","32° 17' 58.5607"" N",3.541,devonshire_bay_east_dof_ML1.shp
0.78,"64° 44' 41.2871"" W","32° 17' 58.5440"" N",3.6629,devonshire_bay_east_dof_ML1.shp
0.647,"64° 44' 41.1053"" W","32° 17' 58.5775"" N",3.6165,devonshire_bay_east_dof_ML1.shp
0.619,"64° 44' 41.1010"" W","32° 17' 58.5743"" N",3.6578,devonshire_bay_east_dof_ML1.shp
0.854,"64° 44' 40.9785"" W","32° 17' 58.4948"" N",3.7241,devonshire_bay_east_dof_ML1.shp
0.705,"64° 44' 40.9681"" W","32° 17' 58.4881"" N",3.7232,devonshire_bay_east_dof_ML1.shp
0.4827,"64° 44' 40.9540"" W","32° 17' 58.4856"" N",3.6798,devonshire_bay_east_dof_ML1.shp
0.551,"64° 44' 40.9197"" W","32° 17' 58.2148"" N",4.5154,devonshire_bay_east_dof_ML1.shp
0.55,"64° 44' 40.9004"" W","32° 17' 58.2182"" N",4.4263,devonshire_bay_east_dof_ML1.shp
0.4125,"64° 44' 40.9050"" W","32° 17' 58.2782"" N",4.5231,devonshire_bay_east_dof_ML1.shp
0.3465,"64° 44' 40.9199"" W","32° 17' 58.2800"" N",4.4089,devonshire_bay_east_dof_ML1.shp
0.682,"64° 44' 41.0761"" W","32° 17' 58.2032"" N",4.2171,devonshire_bay_east_dof_ML1.shp
0.693,"64° 44' 41.0561"" W","32° 17' 58.1853"" N",4.3115,devonshire_bay_east_dof_ML1.shp
0.682,"64° 44' 41.1518"" W","32° 17' 58.1803"" N",4.4839,devonshire_bay_east_dof_ML1.shp
0.71,"64° 44' 41.4536"" W","32° 17' 58.2465"" N",4.8681,devonshire_bay_east_dof_ML1.shp
0.724,"64° 44' 41.4445"" W","32° 17' 58.2237"" N",4.7981,devonshire_bay_east_dof_ML1.shp
0.933,"64° 44' 41.4606"" W","32° 17' 58.2160"" N",4.7286,devonshire_bay_east_dof_ML1.shp
0.752,"64° 44' 41.4713"" W","32° 17' 58.2093"" N",4.8414,devonshire_bay_east_dof_ML1.shp
0.905,"64° 44' 41.3265"" W","32° 17' 58.2175"" N",4.7413,devonshire_bay_east_dof_ML1.shp
0.4038,"64° 44' 41.2895"" W","32° 17' 58.1966"" N",4.6863,devonshire_bay_east_dof_ML1.shp
0.654,"64° 44' 41.2841"" W","32° 17' 58.1759"" N",4.682,devonshire_bay_east_dof_ML1.shp
0.4316,"64° 44' 41.4184"" W","32° 17' 58.3053"" N",4.6067,devonshire_bay_east_dof_ML1.shp
0.4038,"64° 44' 41.4091"" W","32° 17' 58.2699"" N",4.7384,devonshire_bay_east_dof_ML1.shp
0.3759,"64° 44' 41.4155"" W","32° 17' 58.2747"" N",4.7517,devonshire_bay_east_dof_ML1.shp
0.3063,"64° 44' 41.4014"" W","32° 17' 58.2722"" N",4.7099,devonshire_bay_east_dof_ML1.shp
0.4428,"64° 44' 41.3718"" W","32° 17' 58.2855"" N",4.5506,devonshire_bay_east_dof_ML1.shp
0.656,"64° 44' 41.4482"" W","32° 17' 58.2764"" N",4.7374,devonshire_bay_east_dof_ML1.shp
0.625,"64° 44' 41.4530"" W","32° 17' 58.2809"" N",4.7333,devonshire_bay_east_dof_ML1.shp
0.631,"64° 44' 41.4448"" W","32° 17' 58.2607"" N",4.9008,devonshire_bay_east_dof_ML1.shp
0.563,"64° 44' 41.4735"" W","32° 17' 58.3396"" N",4.5661,devonshire_bay_east_dof_ML1.shp
0.4146,"64° 44' 41.4705"" W","32° 17' 58.3300"" N",4.6643,devonshire_bay_east_dof_ML1.shp
0.4579,"64° 44' 41.4732"" W","32° 17' 58.3619"" N",4.3538,devonshire_bay_east_dof_ML1.shp
0.545,"64° 44' 41.4619"" W","32° 17' 58.3764"" N",4.4262,devonshire_bay_east_dof_ML1.shp
0.508,"64° 44' 41.4658"" W","32° 17' 58.3756"" N",4.422,devonshire_bay_east_dof_ML1.shp
0.655,"64° 44' 41.4944"" W","32° 17' 58.3919"" N",4.5392,devonshire_bay_east_dof_ML1.shp
0.978,"64° 44' 41.1871"" W","32° 17' 58.2967"" N",4.6288,devonshire_bay_east_dof_ML1.shp
0.613,"64° 44' 41.1722"" W","32° 17' 58.3154"" N",4.4709,devonshire_bay_east_dof_ML1.shp
0.4641,"64° 44' 41.1790"" W","32° 17' 58.3022"" N",4.4997,devonshire_bay_east_dof_ML1.shp
0.573,"64° 44' 41.1678"" W","32° 17' 58.3374"" N",4.4972,devonshire_bay_east_dof_ML1.shp
0.4373,"64° 44' 41.2287"" W","32° 17' 58.4239"" N",4.1812,devonshire_bay_east_dof_ML1.shp
0.3135,"64° 44' 41.2236"" W","32° 17' 58.4243"" N",4.2044,devonshire_bay_east_dof_ML1.shp
0.898,"64° 44' 41.2334"" W","32° 17' 58.4515"" N",3.8726,devonshire_bay_east_dof_ML1.shp
1.109,"64° 44' 41.2144"" W","32° 17' 58.4475"" N",3.8509,devonshire_bay_east_dof_ML1.shp
0.2661,"64° 44' 41.3057"" W","32° 17' 58.4286"" N",4.4214,devonshire_bay_east_dof_ML1.shp
0.4455,"64° 44' 41.3695"" W","32° 17' 58.3938"" N",4.4242,devonshire_bay_east_dof_ML1.shp
0.696,"64° 44' 41.2071"" W","32° 17' 58.3861"" N",4.0228,devonshire_bay_east_dof_ML1.shp
0.668,"64° 44' 41.1989"" W","32° 17' 58.3912"" N",4.1406,devonshire_bay_east_dof_ML1.shp
0.532,"64° 44' 41.2498"" W","32° 17' 58.4378"" N",3.9278,devonshire_bay_east_dof_ML1.shp
1.631,"64° 44' 41.1153"" W","32° 17' 58.1281"" N",4.7055,devonshire_bay_east_dof_ML1.shp
0.66,"64° 44' 40.9788"" W","32° 17' 58.5660"" N",3.7027,devonshire_bay_east_dof_ML1.shp
1.087,"64° 44' 40.9891"" W","32° 17' 58.5768"" N",3.6789,devonshire_bay_east_dof_ML1.shp
0.696,"64° 44' 40.9689"" W","32° 17' 58.5665"" N",3.625,devonshire_bay_east_dof_ML1.shp
0.687,"64° 44' 41.0313"" W","32° 17' 58.5708"" N",3.8284,devonshire_bay_east_dof_ML1.shp
0.613,"64° 44' 41.0286"" W","32° 17' 58.5651"" N",3.8455,devonshire_bay_east_dof_ML1.shp
0.606,"64° 44' 41.0288"" W","32° 17' 58.5875"" N",3.6928,devonshire_bay_east_dof_ML1.shp
0.543,"64° 44' 41.1216"" W","32° 17' 58.5702"" N",3.8479,devonshire_bay_east_dof_ML1.shp
1.422,"64° 44' 41.0780"" W","32° 17' 58.5954"" N",3.5582,devonshire_bay_east_dof_ML1.shp
1.463,"64° 44' 41.0609"" W","32° 17' 58.6054"" N",3.597,devonshire_bay_east_dof_ML1.shp
0.52,"64° 44' 41.1611"" W","32° 17' 58.3888"" N",4.2794,devonshire_bay_east_dof_ML1.shp
0.3032,"64° 44' 41.1574"" W","32° 17' 58.4029"" N",4.1936,devonshire_bay_east_dof_ML1.shp
0.3218,"64° 44' 41.1650"" W","32° 17' 58.4046"" N",4.1635,devonshire_bay_east_dof_ML1.shp
0.4827,"64° 44' 41.0795"" W","32° 17' 58.3632"" N",4.1972,devonshire_bay_east_dof_ML1.shp
0.4579,"64° 44' 41.0774"" W","32° 17' 58.3561"" N",4.1497,devonshire_bay_east_dof_ML1.shp
0.3919,"64° 44' 41.0961"" W","32° 17' 58.3457"" N",4.1472,devonshire_bay_east_dof_ML1.shp
0.3878,"64° 44' 41.1078"" W","32° 17' 58.3396"" N",4.1364,devonshire_bay_east_dof_ML1.shp
0.65,"64° 44' 41.0618"" W","32° 17' 58.3302"" N",3.9426,devonshire_bay_east_dof_ML1.shp
0.966,"64° 44' 41.0574"" W","32° 17' 58.3393"" N",3.9183,devonshire_bay_east_dof_ML1.shp
0.998,"64° 44' 41.0673"" W","32° 17' 58.3351"" N",3.9259,devonshire_bay_east_dof_ML1.shp
1.022,"64° 44' 41.0792"" W","32° 17' 58.3233"" N",3.9742,devonshire_bay_east_dof_ML1.shp
1.344,"64° 44' 41.0798"" W","32° 17' 58.3305"" N",3.974,devonshire_bay_east_dof_ML1.shp
0.525,"64° 44' 41.0218"" W","32° 17' 58.3506"" N",4.0343,devonshire_bay_east_dof_ML1.shp
0.2908,"64° 44' 41.0068"" W","32° 17' 58.3180"" N",4.4832,devonshire_bay_east_dof_ML1.shp
0.2723,"64° 44' 40.9931"" W","32° 17' 58.3146"" N",4.1665,devonshire_bay_east_dof_ML1.shp
0.297,"64° 44' 41.0340"" W","32° 17' 58.3197"" N",4.2103,devonshire_bay_east_dof_ML1.shp
0.52,"64° 44' 40.9830"" W","32° 17' 58.3355"" N",4.211,devonshire_bay_east_dof_ML1.shp
0.578,"64° 44' 40.9711"" W","32° 17' 58.3209"" N",4.4535,devonshire_bay_east_dof_ML1.shp
0.4394,"64° 44' 40.9972"" W","32° 17' 58.2711"" N",4.3611,devonshire_bay_east_dof_ML1.shp
0.4022,"64° 44' 40.9750"" W","32° 17' 58.2729"" N",4.3321,devonshire_bay_east_dof_ML1.shp
0.637,"64° 44' 40.9809"" W","32° 17' 58.2771"" N",4.3175,devonshire_bay_east_dof_ML1.shp
0.835,"64° 44' 41.0952"" W","32° 17' 58.2349"" N",4.372,devonshire_bay_east_dof_ML1.shp
0.553,"64° 44' 41.1066"" W","32° 17' 58.2611"" N",4.294,devonshire_bay_east_dof_ML1.shp
0.4579,"64° 44' 41.1053"" W","32° 17' 58.2688"" N",4.2985,devonshire_bay_east_dof_ML1.shp
0.4455,"64° 44' 41.0987"" W","32° 17' 58.2709"" N",4.314,devonshire_bay_east_dof_ML1.shp
0.826,"64° 44' 41.1446"" W","32° 17' 58.2859"" N",4.3979,devonshire_bay_east_dof_ML1.shp
0.4332,"64° 44' 41.1077"" W","32° 17' 58.3159"" N",4.4567,devonshire_bay_east_dof_ML1.shp
0.637,"64° 44' 41.2328"" W","32° 17' 58.3095"" N",4.5903,devonshire_bay_east_dof_ML1.shp
0.718,"64° 44' 41.1987"" W","32° 17' 58.3244"" N",4.5915,devonshire_bay_east_dof_ML1.shp
0.631,"64° 44' 41.2733"" W","32° 17' 58.3510"" N",4.49,devonshire_bay_east_dof_ML1.shp
0.545,"64° 44' 41.2685"" W","32° 17' 58.3497"" N",4.5061,devonshire_bay_east_dof_ML1.shp
0.4641,"64° 44' 41.3285"" W","32° 17' 58.3478"" N",4.5664,devonshire_bay_east_dof_ML1.shp
0.545,"64° 44' 41.3076"" W","32° 17' 58.2654"" N",4.7815,devonshire_bay_east_dof_ML1.shp
0.4394,"64° 44' 41.3289"" W","32° 17' 58.2646"" N",4.6906,devonshire_bay_east_dof_ML1.shp
0.6,"64° 44' 41.2608"" W","32° 17' 58.2604"" N",4.618,devonshire_bay_east_dof_ML1.shp
0.4394,"64° 44' 41.2713"" W","32° 17' 58.2580"" N",4.6641,devonshire_bay_east_dof_ML1.shp
0.3615,"64° 44' 41.2748"" W","32° 17' 58.2589"" N",4.6971,devonshire_bay_east_dof_ML1.shp
0.78,"64° 44' 41.2919"" W","32° 17' 58.2180"" N",4.6278,devonshire_bay_east_dof_ML1.shp
0.4177,"64° 44' 41.2534"" W","32° 17' 58.2279"" N",4.6089,devonshire_bay_east_dof_ML1.shp
0.678,"64° 44' 41.1803"" W","32° 17' 58.2646"" N",4.512,devonshire_bay_east_dof_ML1.shp
0.733,"64° 44' 41.1791"" W","32° 17' 58.2378"" N",4.5441,devonshire_bay_east_dof_ML1.shp
0.4641,"64° 44' 41.1592"" W","32° 17' 58.2539"" N",4.6013,devonshire_bay_east_dof_ML1.shp
0.594,"64° 44' 41.1353"" W","32° 17' 58.2365"" N",4.6066,devonshire_bay_east_dof_ML1.shp
0.627,"64° 44' 41.4998"" W","32° 17' 58.2500"" N",4.7764,devonshire_bay_east_dof_ML1.shp
0.515,"64° 44' 41.4953"" W","32° 17' 58.2567"" N",4.8486,devonshire_bay_east_dof_ML1.shp
0.4873,"64° 44' 41.5315"" W","32° 17' 58.2757"" N",4.4607,devonshire_bay_east_dof_ML1.shp
0.78,"64° 44' 41.5014"" W","32° 17' 58.2689"" N",4.6148,devonshire_bay_east_dof_ML1.shp
0.808,"64° 44' 41.5022"" W","32° 17' 58.2617"" N",4.6031,devonshire_bay_east_dof_ML1.shp
0.891,"64° 44' 41.5220"" W","32° 17' 58.2696"" N",4.4386,devonshire_bay_east_dof_ML1.shp
0.854,"64° 44' 41.5106"" W","32° 17' 58.2601"" N",4.5451,devonshire_bay_east_dof_ML1.shp
0.696,"64° 44' 41.5405"" W","32° 17' 58.2937"" N",4.4071,devonshire_bay_east_dof_ML1.shp
0.4455,"64° 44' 41.5175"" W","32° 17' 58.2825"" N",4.4235,devonshire_bay_east_dof_ML1.shp
0.3342,"64° 44' 41.5187"" W","32° 17' 58.2891"" N",4.3876,devonshire_bay_east_dof_ML1.shp
0.3806,"64° 44' 41.3622"" W","32° 17' 58.2400"" N",4.8764,devonshire_bay_east_dof_ML1.shp
0.427,"64° 44' 41.3726"" W","32° 17' 58.2097"" N",4.7749,devonshire_bay_east_dof_ML1.shp
0.755,"64° 44' 41.3443"" W","32° 17' 58.2630"" N",4.6781,devonshire_bay_east_dof_ML1.shp
0.4538,"64° 44' 41.3529"" W","32° 17' 58.2583"" N",4.5942,devonshire_bay_east_dof_ML1.shp
0.743,"64° 44' 41.3328"" W","32° 17' 58.1709"" N",4.9043,devonshire_bay_east_dof_ML1.shp
0.4455,"64° 44' 41.3408"" W","32° 17' 58.2054"" N",4.6948,devonshire_bay_east_dof_ML1.shp
0.529,"64° 44' 41.2461"" W","32° 17' 58.1999"" N",4.5793,devonshire_bay_east_dof_ML1.shp
0.396,"64° 44' 41.7445"" W","32° 17' 58.2781"" N",5.038,devonshire_bay_east_dof_ML1.shp
0.2785,"64° 44' 41.7351"" W","32° 17' 58.2817"" N",5.1196,devonshire_bay_east_dof_ML1.shp
0.4579,"64° 44' 41.7354"" W","32° 17' 58.2896"" N",5.1061,devonshire_bay_east_dof_ML1.shp
0.3156,"64° 44' 41.7295"" W","32° 17' 58.2853"" N",5.1245,devonshire_bay_east_dof_ML1.shp
0.3713,"64° 44' 41.6698"" W","32° 17' 58.3190"" N",4.8808,devonshire_bay_east_dof_ML1.shp
0.3012,"64° 44' 41.6726"" W","32° 17' 58.3175"" N",4.8891,devonshire_bay_east_dof_ML1.shp
0.362,"64° 44' 41.6804"" W","32° 17' 58.3113"" N",4.9338,devonshire_bay_east_dof_ML1.shp
0.4363,"64° 44' 41.6461"" W","32° 17' 58.3002"" N",5.0781,devonshire_bay_east_dof_ML1.shp
0.52,"64° 44' 41.6277"" W","32° 17' 58.2997"" N",5.0694,devonshire_bay_east_dof_ML1.shp
0.511,"64° 44' 41.6173"" W","32° 17' 58.3117"" N",4.9996,devonshire_bay_east_dof_ML1.shp
0.4548,"64° 44' 41.6242"" W","32° 17' 58.3255"" N",4.8381,devonshire_bay_east_dof_ML1.shp
0.501,"64° 44' 41.6406"" W","32° 17' 58.2814"" N",5.0369,devonshire_bay_east_dof_ML1.shp
0.4096,"64° 44' 41.6457"" W","32° 17' 58.2834"" N",5.109,devonshire_bay_east_dof_ML1.shp
0.492,"64° 44' 41.6057"" W","32° 17' 58.2842"" N",5.0986,devonshire_bay_east_dof_ML1.shp
0.501,"64° 44' 41.6025"" W","32° 17' 58.3012"" N",4.7537,devonshire_bay_east_dof_ML1.shp
0.3878,"64° 44' 41.5973"" W","32° 17' 58.3032"" N",4.6745,devonshire_bay_east_dof_ML1.shp
0.606,"64° 44' 41.6071"" W","32° 17' 58.3301"" N",4.5947,devonshire_bay_east_dof_ML1.shp
0.4662,"64° 44' 41.6119"" W","32° 17' 58.3242"" N",4.7649,devonshire_bay_east_dof_ML1.shp
0.545,"64° 44' 41.5998"" W","32° 17' 58.3531"" N",4.6864,devonshire_bay_east_dof_ML1.shp
0.462,"64° 44' 41.5958"" W","32° 17' 58.3558"" N",4.7342,devonshire_bay_east_dof_ML1.shp
0.2475,"64° 44' 41.6221"" W","32° 17' 58.3697"" N",4.7521,devonshire_bay_east_dof_ML1.shp
0.4785,"64° 44' 41.6146"" W","32° 17' 58.3654"" N",4.7131,devonshire_bay_east_dof_ML1.shp
0.699,"64° 44' 41.6003"" W","32° 17' 58.4307"" N",4.2966,devonshire_bay_east_dof_ML1.shp
0.507,"64° 44' 41.6163"" W","32° 17' 58.4402"" N",4.2985,devonshire_bay_east_dof_ML1.shp
0.3403,"64° 44' 41.6122"" W","32° 17' 58.4146"" N",4.3015,devonshire_bay_east_dof_ML1.shp
0.2228,"64° 44' 41.6487"" W","32° 17' 58.2630"" N",5.1701,devonshire_bay_east_dof_ML1.shp
0.668,"64° 44' 41.6401"" W","32° 17' 58.2505"" N",5.0663,devonshire_bay_east_dof_ML1.shp
0.52,"64° 44' 41.6105"" W","32° 17' 58.2559"" N",4.9797,devonshire_bay_east_dof_ML1.shp
0.966,"64° 44' 41.5967"" W","32° 17' 58.2553"" N",4.8166,devonshire_bay_east_dof_ML1.shp
0.603,"64° 44' 41.6050"" W","32° 17' 58.2571"" N",4.9335,devonshire_bay_east_dof_ML1.shp
0.678,"64° 44' 41.6138"" W","32° 17' 58.2722"" N",5.0484,devonshire_bay_east_dof_ML1.shp
0.4548,"64° 44' 41.6195"" W","32° 17' 58.2706"" N",5.0712,devonshire_bay_east_dof_ML1.shp
0.501,"64° 44' 41.6027"" W","32° 17' 58.2708"" N",4.9521,devonshire_bay_east_dof_ML1.shp
0.631,"64° 44' 41.5896"" W","32° 17' 58.2779"" N",4.6468,devonshire_bay_east_dof_ML1.shp
1.087,"64° 44' 41.5800"" W","32° 17' 58.2805"" N",4.6484,devonshire_bay_east_dof_ML1.shp
0.492,"64° 44' 41.5681"" W","32° 17' 58.2649"" N",4.9817,devonshire_bay_east_dof_ML1.shp
0.789,"64° 44' 41.5333"" W","32° 17' 58.3291"" N",4.5549,devonshire_bay_east_dof_ML1.shp
1.059,"64° 44' 41.5467"" W","32° 17' 58.3344"" N",4.4864,devonshire_bay_east_dof_ML1.shp
0.4579,"64° 44' 41.5416"" W","32° 17' 58.3593"" N",4.5551,devonshire_bay_east_dof_ML1.shp
0.297,"64° 44' 41.5372"" W","32° 17' 58.3605"" N",4.5537,devonshire_bay_east_dof_ML1.shp
0.594,"64° 44' 41.3942"" W","32° 17' 58.3270"" N",4.4083,devonshire_bay_east_dof_ML1.shp
0.835,"64° 44' 41.3842"" W","32° 17' 58.3123"" N",4.5973,devonshire_bay_east_dof_ML1.shp
0.835,"64° 44' 41.3414"" W","32° 17' 58.3106"" N",4.4953,devonshire_bay_east_dof_ML1.shp
0.511,"64° 44' 41.3419"" W","32° 17' 58.3199"" N",4.4585,devonshire_bay_east_dof_ML1.shp
0.887,"64° 44' 41.3620"" W","32° 17' 58.3434"" N",4.5454,devonshire_bay_east_dof_ML1.shp
0.586,"64° 44' 41.3542"" W","32° 17' 58.3403"" N",4.6206,devonshire_bay_east_dof_ML1.shp
0.4153,"64° 44' 41.3967"" W","32° 17' 58.3588"" N",4.5108,devonshire_bay_east_dof_ML1.shp
0.531,"64° 44' 41.3923"" W","32° 17' 58.3580"" N",4.4245,devonshire_bay_east_dof_ML1.shp
0.229,"64° 44' 41.3700"" W","32° 17' 58.2741"" N",4.7177,devonshire_bay_east_dof_ML1.shp
0.3032,"64° 44' 41.3788"" W","32° 17' 58.2665"" N",4.7552,devonshire_bay_east_dof_ML1.shp
0.328,"64° 44' 41.3981"" W","32° 17' 58.2764"" N",4.6609,devonshire_bay_east_dof_ML1.shp
0.4332,"64° 44' 41.3459"" W","32° 17' 58.5044"" N",4.0445,devonshire_bay_east_dof_ML1.shp
0.2847,"64° 44' 41.3416"" W","32° 17' 58.5351"" N",4.1984,devonshire_bay_east_dof_ML1.shp
0.4548,"64° 44' 41.2565"" W","32° 17' 58.3912"" N",4.3114,devonshire_bay_east_dof_ML1.shp
0.4827,"64° 44' 41.2308"" W","32° 17' 58.3636"" N",4.2958,devonshire_bay_east_dof_ML1.shp
0.4208,"64° 44' 41.1980"" W","32° 17' 58.3541"" N",4.385,devonshire_bay_east_dof_ML1.shp
0.4363,"64° 44' 40.9363"" W","32° 17' 58.3108"" N",4.421,devonshire_bay_east_dof_ML1.shp
0.3172,"64° 44' 40.9335"" W","32° 17' 58.3124"" N",4.4874,devonshire_bay_east_dof_ML1.shp
0.507,"64° 44' 40.9485"" W","32° 17' 58.2999"" N",4.4276,devonshire_bay_east_dof_ML1.shp
0.3424,"64° 44' 40.9531"" W","32° 17' 58.3082"" N",4.3842,devonshire_bay_east_dof_ML1.shp
0.2434,"64° 44' 40.9713"" W","32° 17' 58.2945"" N",4.4136,devonshire_bay_east_dof_ML1.shp
0.2186,"64° 44' 40.9699"" W","32° 17' 58.2921"" N",4.4448,devonshire_bay_east_dof_ML1.shp
0.2228,"64° 44' 40.9518"" W","32° 17' 58.2834"" N",4.4246,devonshire_bay_east_dof_ML1.shp
0.835,"64° 44' 40.9083"" W","32° 17' 58.3475"" N",3.9207,devonshire_bay_east_dof_ML1.shp
0.198,"64° 44' 40.9194"" W","32° 17' 58.3413"" N",4.1647,devonshire_bay_east_dof_ML1.shp
0.4734,"64° 44' 41.0923"" W","32° 17' 58.3159"" N",4.3344,devonshire_bay_east_dof_ML1.shp
0.3218,"64° 44' 41.0459"" W","32° 17' 58.3018"" N",4.1834,devonshire_bay_east_dof_ML1.shp
0.4022,"64° 44' 41.0473"" W","32° 17' 58.3042"" N",4.1002,devonshire_bay_east_dof_ML1.shp
0.594,"64° 44' 41.2357"" W","32° 17' 58.4688"" N",4.1157,devonshire_bay_east_dof_ML1.shp
0.52,"64° 44' 41.2634"" W","32° 17' 58.4420"" N",3.9281,devonshire_bay_east_dof_ML1.shp
0.557,"64° 44' 41.2722"" W","32° 17' 58.4413"" N",4.0454,devonshire_bay_east_dof_ML1.shp
0.585,"64° 44' 41.5643"" W","32° 17' 58.3553"" N",4.4278,devonshire_bay_east_dof_ML1.shp
0.585,"64° 44' 41.5737"" W","32° 17' 58.3609"" N",4.376,devonshire_bay_east_dof_ML1.shp
0.622,"64° 44' 41.5844"" W","32° 17' 58.3553"" N",4.3918,devonshire_bay_east_dof_ML1.shp
0.4363,"64° 44' 41.5770"" W","32° 17' 58.3357"" N",4.4758,devonshire_bay_east_dof_ML1.shp
0.71,"64° 44' 41.5962"" W","32° 17' 58.3309"" N",4.5212,devonshire_bay_east_dof_ML1.shp
0.845,"64° 44' 41.5610"" W","32° 17' 58.3224"" N",4.3864,devonshire_bay_east_dof_ML1.shp
0.715,"64° 44' 41.5702"" W","32° 17' 58.3428"" N",4.3889,devonshire_bay_east_dof_ML1.shp
0.91,"64° 44' 41.5686"" W","32° 17' 58.3309"" N",4.3108,devonshire_bay_east_dof_ML1.shp
1.085,"64° 44' 41.5750"" W","32° 17' 58.3520"" N",4.4193,devonshire_bay_east_dof_ML1.shp
0.538,"64° 44' 41.5682"" W","32° 17' 58.2962"" N",4.7175,devonshire_bay_east_dof_ML1.shp
0.681,"64° 44' 41.5459"" W","32° 17' 58.3049"" N",4.6284,devonshire_bay_east_dof_ML1.shp
0.733,"64° 44' 41.5727"" W","32° 17' 58.3760"" N",4.3483,devonshire_bay_east_dof_ML1.shp
0.811,"64° 44' 41.5625"" W","32° 17' 58.3933"" N",4.0916,devonshire_bay_east_dof_ML1.shp
0.829,"64° 44' 41.5842"" W","32° 17' 58.3652"" N",4.3272,devonshire_bay_east_dof_ML1.shp
0.761,"64° 44' 41.4782"" W","32° 17' 58.4308"" N",4.1822,devonshire_bay_east_dof_ML1.shp
1.459,"64° 44' 41.5219"" W","32° 17' 58.4085"" N",4.3062,devonshire_bay_east_dof_ML1.shp
0.715,"64° 44' 41.4591"" W","32° 17' 58.4236"" N",4.2523,devonshire_bay_east_dof_ML1.shp
0.712,"64° 44' 41.4686"" W","32° 17' 58.4385"" N",4.1053,devonshire_bay_east_dof_ML1.shp
0.4084,"64° 44' 41.3092"" W","32° 17' 58.2445"" N",4.7637,devonshire_bay_east_dof_ML1.shp
0.622,"64° 44' 41.3802"" W","32° 17' 58.2018"" N",4.805,devonshire_bay_east_dof_ML1.shp
0.743,"64° 44' 41.2652"" W","32° 17' 58.1591"" N",4.662,devonshire_bay_east_dof_ML1.shp
0.668,"64° 44' 41.1812"" W","32° 17' 58.1957"" N",4.6026,devonshire_bay_east_dof_ML1.shp
0.297,"64° 44' 41.0412"" W","32° 17' 58.3158"" N",4.2407,devonshire_bay_east_dof_ML1.shp
0.2537,"64° 44' 41.0375"" W","32° 17' 58.3132"" N",4.2597,devonshire_bay_east_dof_ML1.shp
0.2413,"64° 44' 41.0332"" W","32° 17' 58.3130"" N",4.2325,devonshire_bay_east_dof_ML1.shp
0.4084,"64° 44' 41.0959"" W","32° 17' 58.2922"" N",4.5805,devonshire_bay_east_dof_ML1.shp
0.837,"64° 44' 41.0333"" W","32° 17' 58.5963"" N",3.7487,devonshire_bay_east_dof_ML1.shp
0.867,"64° 44' 41.1211"" W","32° 17' 58.2626"" N",4.4599,devonshire_bay_east_dof_ML1.shp
0.748,"64° 44' 41.1467"" W","32° 17' 58.2694"" N",4.6025,devonshire_bay_east_dof_ML1.shp
0.677,"64° 44' 41.0350"" W","32° 17' 58.2374"" N",4.2631,devonshire_bay_east_dof_ML1.shp
1.604,"64° 44' 41.1143"" W","32° 17' 58.6022"" N",3.4832,devonshire_bay_east_dof_ML1.shp
0.681,"64° 44' 40.9816"" W","32° 17' 58.4602"" N",3.7913,devonshire_bay_east_dof_ML1.shp
0.3799,"64° 44' 40.9482"" W","32° 17' 58.3850"" N",3.9639,devonshire_bay_east_dof_ML1.shp
0.565,"64° 44' 41.1013"" W","32° 17' 58.3519"" N",4.1384,devonshire_bay_east_dof_ML1.shp
0.546,"64° 44' 41.0462"" W","32° 17' 58.3436"" N",4.0075,devonshire_bay_east_dof_ML1.shp
0.582,"64° 44' 41.5576"" W","32° 17' 58.4959"" N",3.8437,devonshire_bay_east_dof_ML1.shp
0.575,"64° 44' 41.5869"" W","32° 17' 58.5084"" N",3.8745,devonshire_bay_east_dof_ML1.shp
1.267,"64° 44' 41.6471"" W","32° 17' 58.4753"" N",4.1405,devonshire_bay_east_dof_ML1.shp
0.4511,"64° 44' 41.6563"" W","32° 17' 58.4607"" N",4.357,devonshire_bay_east_dof_ML1.shp
0.902,"64° 44' 41.1090"" W","32° 17' 58.5573"" N",3.7212,devonshire_bay_east_dof_ML1.shp
0.594,"64° 44' 41.1181"" W","32° 17' 58.5440"" N",3.8188,devonshire_bay_east_dof_ML1.shp
1.14,"64° 44' 41.3612"" W","32° 17' 58.5432"" N",3.5526,devonshire_bay_east_dof_ML1.shp
0.76,"64° 44' 41.3503"" W","32° 17' 58.5417"" N",3.6095,devonshire_bay_east_dof_ML1.shp
0.739,"64° 44' 41.6034"" W","32° 17' 58.4060"" N",4.1813,devonshire_bay_east_dof_ML1.shp
0.506,"64° 44' 41.1440"" W","32° 17' 58.3740"" N",4.1738,devonshire_bay_east_dof_ML1.shp
1.291,"64° 44' 41.3265"" W","32° 17' 58.2298"" N",4.498,devonshire_bay_east_dof_ML1.shp
1.057,"64° 44' 41.3304"" W","32° 17' 58.2418"" N",4.5023,devonshire_bay_east_dof_ML1.shp
0.902,"64° 44' 40.8903"" W","32° 17' 58.2348"" N",4.4784,devonshire_bay_east_dof_ML1.shp
0.57,"64° 44' 40.8951"" W","32° 17' 58.2486"" N",4.5057,devonshire_bay_east_dof_ML1.shp
1.033,"64° 44' 41.5028"" W","32° 17' 58.3740"" N",4.2533,devonshire_bay_east_dof_ML1.shp
0.616,"64° 44' 41.2861"" W","32° 17' 58.4043"" N",4.2261,devonshire_bay_east_dof_ML1.shp
0.3341,"64° 44' 41.2893"" W","32° 17' 58.3947"" N",4.4627,devonshire_bay_east_dof_ML1.shp
0.4432,"64° 44' 41.2906"" W","32° 17' 58.3173"" N",4.443,devonshire_bay_east_dof_ML1.shp
0.3851,"64° 44' 41.2649"" W","32° 17' 58.3677"" N",4.489,devonshire_bay_east_dof_ML1.shp
0.766,"64° 44' 41.2108"" W","32° 17' 58.2559"" N",4.5466,devonshire_bay_east_dof_ML1.shp
0.736,"64° 44' 41.2642"" W","32° 17' 58.2535"" N",4.5157,devonshire_bay_east_dof_ML1.shp
0.558,"64° 44' 41.2415"" W","32° 17' 58.2182"" N",4.5473,devonshire_bay_east_dof_ML1.shp
0.51,"64° 44' 41.2336"" W","32° 17' 58.2239"" N",4.5737,devonshire_bay_east_dof_ML1.shp
0.831,"64° 44' 40.9312"" W","32° 17' 58.2271"" N",4.5059,devonshire_bay_east_dof_ML1.shp
0.617,"64° 44' 40.9159"" W","32° 17' 58.2427"" N",4.3291,devonshire_bay_east_dof_ML1.shp
